series_id,series_name,source_name,country_id,country_name,region,income_group,year,value
5968,GDP growth (annual percentage),"World Bank, World Development Indicators (WDI)",400,Jordan,Middle East and North Africa,Upper Middle Income Country (World Bank Classification),1990,0.973756
5968,GDP growth (annual percentage),"World Bank, World Development Indicators (WDI)",400,Jordan,Middle East and North Africa,Upper Middle Income Country (World Bank Classification),1991,1.823896
5968,GDP growth (annual percentage),"World Bank, World Development Indicators (WDI)",400,Jordan,Middle East and North Africa,Upper Middle Income Country (World Bank Classification),1992,18.664836
5968,GDP growth (annual percentage),"World Bank, World Development Indicators (WDI)",400,Jordan,Middle East and North Africa,Upper Middle Income Country (World Bank Classification),1993,4.630915
5968,GDP growth (annual percentage),"World Bank, World Development Indicators (WDI)",400,Jordan,Middle East and North Africa,Upper Middle Income Country (World Bank Classification),1994,4.98644
5968,GDP growth (annual percentage),"World Bank, World Development Indicators (WDI)",400,Jordan,Middle East and North Africa,Upper Middle Income Country (World Bank Classification),1995,6.186342
5968,GDP growth (annual percentage),"World Bank, World Development Indicators (WDI)",400,Jordan,Middle East and North Africa,Upper Middle Income Country (World Bank Classification),1996,2.087348
5968,GDP growth (annual percentage),"World Bank, World Development Indicators (WDI)",400,Jordan,Middle East and North Africa,Upper Middle Income Country (World Bank Classification),1997,3.307893
5968,GDP growth (annual percentage),"World Bank, World Development Indicators (WDI)",400,Jordan,Middle East and North Africa,Upper Middle Income Country (World Bank Classification),1998,2.993938
5968,GDP growth (annual percentage),"World Bank, World Development Indicators (WDI)",400,Jordan,Middle East and North Africa,Upper Middle Income Country (World Bank Classification),1999,3.409474
5968,GDP growth (annual percentage),"World Bank, World Development Indicators (WDI)",400,Jordan,Middle East and North Africa,Upper Middle Income Country (World Bank Classification),2000,4.245247
5968,GDP growth (annual percentage),"World Bank, World Development Indicators (WDI)",400,Jordan,Middle East and North Africa,Upper Middle Income Country (World Bank Classification),2001,5.268617
5968,GDP growth (annual percentage),"World Bank, World Development Indicators (WDI)",400,Jordan,Middle East and North Africa,Upper Middle Income Country (World Bank Classification),2002,5.784481
5968,GDP growth (annual percentage),"World Bank, World Development Indicators (WDI)",400,Jordan,Middle East and North Africa,Upper Middle Income Country (World Bank Classification),2003,4.16105
5968,GDP growth (annual percentage),"World Bank, World Development Indicators (WDI)",400,Jordan,Middle East and North Africa,Upper Middle Income Country (World Bank Classification),2004,8.567298
5968,GDP growth (annual percentage),"World Bank, World Development Indicators (WDI)",400,Jordan,Middle East and North Africa,Upper Middle Income Country (World Bank Classification),2005,8.146583
5968,GDP growth (annual percentage),"World Bank, World Development Indicators (WDI)",400,Jordan,Middle East and North Africa,Upper Middle Income Country (World Bank Classification),2006,8.093331
5968,GDP growth (annual percentage),"World Bank, World Development Indicators (WDI)",400,Jordan,Middle East and North Africa,Upper Middle Income Country (World Bank Classification),2007,8.175719
5968,GDP growth (annual percentage),"World Bank, World Development Indicators (WDI)",400,Jordan,Middle East and North Africa,Upper Middle Income Country (World Bank Classification),2008,7.232408
5968,GDP growth (annual percentage),"World Bank, World Development Indicators (WDI)",400,Jordan,Middle East and North Africa,Upper Middle Income Country (World Bank Classification),2009,5.476581
5968,GDP growth (annual percentage),"World Bank, World Development Indicators (WDI)",400,Jordan,Middle East and North Africa,Upper Middle Income Country (World Bank Classification),2010,2.311392
5968,GDP growth (annual percentage),"World Bank, World Development Indicators (WDI)",400,Jordan,Middle East and North Africa,Upper Middle Income Country (World Bank Classification),2011,2.586784
5968,GDP growth (annual percentage),"World Bank, World Development Indicators (WDI)",400,Jordan,Middle East and North Africa,Upper Middle Income Country (World Bank Classification),2012,2.651171
5968,GDP growth (annual percentage),"World Bank, World Development Indicators (WDI)",400,Jordan,Middle East and North Africa,Upper Middle Income Country (World Bank Classification),2013,2.828767
5968,GDP growth (annual percentage),"World Bank, World Development Indicators (WDI)",400,Jordan,Middle East and North Africa,Upper Middle Income Country (World Bank Classification),2014,3.09633
5968,GDP growth (annual percentage),"World Bank, World Development Indicators (WDI)",400,Jordan,Middle East and North Africa,Upper Middle Income Country (World Bank Classification),2015,2.391696
5968,GDP growth (annual percentage),"World Bank, World Development Indicators (WDI)",400,Jordan,Middle East and North Africa,Upper Middle Income Country (World Bank Classification),2016,2.003734
5968,GDP growth (annual percentage),"World Bank, World Development Indicators (WDI)",400,Jordan,Middle East and North Africa,Upper Middle Income Country (World Bank Classification),2017,1.970023
5968,GDP growth (annual percentage),"World Bank, World Development Indicators (WDI)",422,Lebanon,Middle East and North Africa,Upper Middle Income Country (World Bank Classification),1990,26.53316
5968,GDP growth (annual percentage),"World Bank, World Development Indicators (WDI)",422,Lebanon,Middle East and North Africa,Upper Middle Income Country (World Bank Classification),1991,49.447379
5968,GDP growth (annual percentage),"World Bank, World Development Indicators (WDI)",422,Lebanon,Middle East and North Africa,Upper Middle Income Country (World Bank Classification),1992,16.438346
5968,GDP growth (annual percentage),"World Bank, World Development Indicators (WDI)",422,Lebanon,Middle East and North Africa,Upper Middle Income Country (World Bank Classification),1993,10.76567
5968,GDP growth (annual percentage),"World Bank, World Development Indicators (WDI)",422,Lebanon,Middle East and North Africa,Upper Middle Income Country (World Bank Classification),1994,8.105242
5968,GDP growth (annual percentage),"World Bank, World Development Indicators (WDI)",422,Lebanon,Middle East and North Africa,Upper Middle Income Country (World Bank Classification),1995,6.448863
5968,GDP growth (annual percentage),"World Bank, World Development Indicators (WDI)",422,Lebanon,Middle East and North Africa,Upper Middle Income Country (World Bank Classification),1996,11.285936
5968,GDP growth (annual percentage),"World Bank, World Development Indicators (WDI)",422,Lebanon,Middle East and North Africa,Upper Middle Income Country (World Bank Classification),1997,1.054967
5968,GDP growth (annual percentage),"World Bank, World Development Indicators (WDI)",422,Lebanon,Middle East and North Africa,Upper Middle Income Country (World Bank Classification),1998,3.665724
5968,GDP growth (annual percentage),"World Bank, World Development Indicators (WDI)",422,Lebanon,Middle East and North Africa,Upper Middle Income Country (World Bank Classification),1999,-0.525585
5968,GDP growth (annual percentage),"World Bank, World Development Indicators (WDI)",422,Lebanon,Middle East and North Africa,Upper Middle Income Country (World Bank Classification),2000,1.341872
5968,GDP growth (annual percentage),"World Bank, World Development Indicators (WDI)",422,Lebanon,Middle East and North Africa,Upper Middle Income Country (World Bank Classification),2001,3.839669
5968,GDP growth (annual percentage),"World Bank, World Development Indicators (WDI)",422,Lebanon,Middle East and North Africa,Upper Middle Income Country (World Bank Classification),2002,3.42315
5968,GDP growth (annual percentage),"World Bank, World Development Indicators (WDI)",422,Lebanon,Middle East and North Africa,Upper Middle Income Country (World Bank Classification),2003,3.227098
5968,GDP growth (annual percentage),"World Bank, World Development Indicators (WDI)",422,Lebanon,Middle East and North Africa,Upper Middle Income Country (World Bank Classification),2004,6.293775
5968,GDP growth (annual percentage),"World Bank, World Development Indicators (WDI)",422,Lebanon,Middle East and North Africa,Upper Middle Income Country (World Bank Classification),2005,2.748394
5968,GDP growth (annual percentage),"World Bank, World Development Indicators (WDI)",422,Lebanon,Middle East and North Africa,Upper Middle Income Country (World Bank Classification),2006,1.701434
5968,GDP growth (annual percentage),"World Bank, World Development Indicators (WDI)",422,Lebanon,Middle East and North Africa,Upper Middle Income Country (World Bank Classification),2007,9.34093
5968,GDP growth (annual percentage),"World Bank, World Development Indicators (WDI)",422,Lebanon,Middle East and North Africa,Upper Middle Income Country (World Bank Classification),2008,9.248842
5968,GDP growth (annual percentage),"World Bank, World Development Indicators (WDI)",422,Lebanon,Middle East and North Africa,Upper Middle Income Country (World Bank Classification),2009,10.054477
5968,GDP growth (annual percentage),"World Bank, World Development Indicators (WDI)",422,Lebanon,Middle East and North Africa,Upper Middle Income Country (World Bank Classification),2010,8.03725
5968,GDP growth (annual percentage),"World Bank, World Development Indicators (WDI)",422,Lebanon,Middle East and North Africa,Upper Middle Income Country (World Bank Classification),2011,0.917698
5968,GDP growth (annual percentage),"World Bank, World Development Indicators (WDI)",422,Lebanon,Middle East and North Africa,Upper Middle Income Country (World Bank Classification),2012,2.799614
5968,GDP growth (annual percentage),"World Bank, World Development Indicators (WDI)",422,Lebanon,Middle East and North Africa,Upper Middle Income Country (World Bank Classification),2013,2.652653
5968,GDP growth (annual percentage),"World Bank, World Development Indicators (WDI)",422,Lebanon,Middle East and North Africa,Upper Middle Income Country (World Bank Classification),2014,1.969071
5968,GDP growth (annual percentage),"World Bank, World Development Indicators (WDI)",422,Lebanon,Middle East and North Africa,Upper Middle Income Country (World Bank Classification),2015,0.243329
5968,GDP growth (annual percentage),"World Bank, World Development Indicators (WDI)",422,Lebanon,Middle East and North Africa,Upper Middle Income Country (World Bank Classification),2016,1.740742
5968,GDP growth (annual percentage),"World Bank, World Development Indicators (WDI)",422,Lebanon,Middle East and North Africa,Upper Middle Income Country (World Bank Classification),2017,1.529097
5968,GDP growth (annual percentage),"World Bank, World Development Indicators (WDI)",504,Morocco,Middle East and North Africa,Lower Middle Income Country (World Bank Classification),1990,3.411812
5968,GDP growth (annual percentage),"World Bank, World Development Indicators (WDI)",504,Morocco,Middle East and North Africa,Lower Middle Income Country (World Bank Classification),1991,7.216088
5968,GDP growth (annual percentage),"World Bank, World Development Indicators (WDI)",504,Morocco,Middle East and North Africa,Lower Middle Income Country (World Bank Classification),1992,-2.097739
5968,GDP growth (annual percentage),"World Bank, World Development Indicators (WDI)",504,Morocco,Middle East and North Africa,Lower Middle Income Country (World Bank Classification),1993,-0.740592
5968,GDP growth (annual percentage),"World Bank, World Development Indicators (WDI)",504,Morocco,Middle East and North Africa,Lower Middle Income Country (World Bank Classification),1994,10.588
5968,GDP growth (annual percentage),"World Bank, World Development Indicators (WDI)",504,Morocco,Middle East and North Africa,Lower Middle Income Country (World Bank Classification),1995,-5.405448
5968,GDP growth (annual percentage),"World Bank, World Development Indicators (WDI)",504,Morocco,Middle East and North Africa,Lower Middle Income Country (World Bank Classification),1996,12.372876
5968,GDP growth (annual percentage),"World Bank, World Development Indicators (WDI)",504,Morocco,Middle East and North Africa,Lower Middle Income Country (World Bank Classification),1997,-1.560702
5968,GDP growth (annual percentage),"World Bank, World Development Indicators (WDI)",504,Morocco,Middle East and North Africa,Lower Middle Income Country (World Bank Classification),1998,7.238553
5968,GDP growth (annual percentage),"World Bank, World Development Indicators (WDI)",504,Morocco,Middle East and North Africa,Lower Middle Income Country (World Bank Classification),1999,1.081333
5968,GDP growth (annual percentage),"World Bank, World Development Indicators (WDI)",504,Morocco,Middle East and North Africa,Lower Middle Income Country (World Bank Classification),2000,1.912873
5968,GDP growth (annual percentage),"World Bank, World Development Indicators (WDI)",504,Morocco,Middle East and North Africa,Lower Middle Income Country (World Bank Classification),2001,7.319967
5968,GDP growth (annual percentage),"World Bank, World Development Indicators (WDI)",504,Morocco,Middle East and North Africa,Lower Middle Income Country (World Bank Classification),2002,3.12145
5968,GDP growth (annual percentage),"World Bank, World Development Indicators (WDI)",504,Morocco,Middle East and North Africa,Lower Middle Income Country (World Bank Classification),2003,5.961162
5968,GDP growth (annual percentage),"World Bank, World Development Indicators (WDI)",504,Morocco,Middle East and North Africa,Lower Middle Income Country (World Bank Classification),2004,4.797018
5968,GDP growth (annual percentage),"World Bank, World Development Indicators (WDI)",504,Morocco,Middle East and North Africa,Lower Middle Income Country (World Bank Classification),2005,3.29164
5968,GDP growth (annual percentage),"World Bank, World Development Indicators (WDI)",504,Morocco,Middle East and North Africa,Lower Middle Income Country (World Bank Classification),2006,7.574632
5968,GDP growth (annual percentage),"World Bank, World Development Indicators (WDI)",504,Morocco,Middle East and North Africa,Lower Middle Income Country (World Bank Classification),2007,3.531594
5968,GDP growth (annual percentage),"World Bank, World Development Indicators (WDI)",504,Morocco,Middle East and North Africa,Lower Middle Income Country (World Bank Classification),2008,5.923278
5968,GDP growth (annual percentage),"World Bank, World Development Indicators (WDI)",504,Morocco,Middle East and North Africa,Lower Middle Income Country (World Bank Classification),2009,4.243757
5968,GDP growth (annual percentage),"World Bank, World Development Indicators (WDI)",504,Morocco,Middle East and North Africa,Lower Middle Income Country (World Bank Classification),2010,3.815718
5968,GDP growth (annual percentage),"World Bank, World Development Indicators (WDI)",504,Morocco,Middle East and North Africa,Lower Middle Income Country (World Bank Classification),2011,5.245697
5968,GDP growth (annual percentage),"World Bank, World Development Indicators (WDI)",504,Morocco,Middle East and North Africa,Lower Middle Income Country (World Bank Classification),2012,3.009961
5968,GDP growth (annual percentage),"World Bank, World Development Indicators (WDI)",504,Morocco,Middle East and North Africa,Lower Middle Income Country (World Bank Classification),2013,4.535424
5968,GDP growth (annual percentage),"World Bank, World Development Indicators (WDI)",504,Morocco,Middle East and North Africa,Lower Middle Income Country (World Bank Classification),2014,2.669494
5968,GDP growth (annual percentage),"World Bank, World Development Indicators (WDI)",504,Morocco,Middle East and North Africa,Lower Middle Income Country (World Bank Classification),2015,4.536378
5968,GDP growth (annual percentage),"World Bank, World Development Indicators (WDI)",504,Morocco,Middle East and North Africa,Lower Middle Income Country (World Bank Classification),2016,1.125977
5968,GDP growth (annual percentage),"World Bank, World Development Indicators (WDI)",504,Morocco,Middle East and North Africa,Lower Middle Income Country (World Bank Classification),2017,4.087507
5968,GDP growth (annual percentage),"World Bank, World Development Indicators (WDI)",788,Tunisia,Middle East and North Africa,Lower Middle Income Country (World Bank Classification),1990,7.949819
5968,GDP growth (annual percentage),"World Bank, World Development Indicators (WDI)",788,Tunisia,Middle East and North Africa,Lower Middle Income Country (World Bank Classification),1991,3.904545
5968,GDP growth (annual percentage),"World Bank, World Development Indicators (WDI)",788,Tunisia,Middle East and North Africa,Lower Middle Income Country (World Bank Classification),1992,7.805729
5968,GDP growth (annual percentage),"World Bank, World Development Indicators (WDI)",788,Tunisia,Middle East and North Africa,Lower Middle Income Country (World Bank Classification),1993,2.189829
5968,GDP growth (annual percentage),"World Bank, World Development Indicators (WDI)",788,Tunisia,Middle East and North Africa,Lower Middle Income Country (World Bank Classification),1994,3.178411
5968,GDP growth (annual percentage),"World Bank, World Development Indicators (WDI)",788,Tunisia,Middle East and North Africa,Lower Middle Income Country (World Bank Classification),1995,2.35167
5968,GDP growth (annual percentage),"World Bank, World Development Indicators (WDI)",788,Tunisia,Middle East and North Africa,Lower Middle Income Country (World Bank Classification),1996,7.146081
5968,GDP growth (annual percentage),"World Bank, World Development Indicators (WDI)",788,Tunisia,Middle East and North Africa,Lower Middle Income Country (World Bank Classification),1997,5.440943
5968,GDP growth (annual percentage),"World Bank, World Development Indicators (WDI)",788,Tunisia,Middle East and North Africa,Lower Middle Income Country (World Bank Classification),1998,4.783763
5968,GDP growth (annual percentage),"World Bank, World Development Indicators (WDI)",788,Tunisia,Middle East and North Africa,Lower Middle Income Country (World Bank Classification),1999,6.054635
5968,GDP growth (annual percentage),"World Bank, World Development Indicators (WDI)",788,Tunisia,Middle East and North Africa,Lower Middle Income Country (World Bank Classification),2000,4.70986
5968,GDP growth (annual percentage),"World Bank, World Development Indicators (WDI)",788,Tunisia,Middle East and North Africa,Lower Middle Income Country (World Bank Classification),2001,3.796184
5968,GDP growth (annual percentage),"World Bank, World Development Indicators (WDI)",788,Tunisia,Middle East and North Africa,Lower Middle Income Country (World Bank Classification),2002,1.322564
5968,GDP growth (annual percentage),"World Bank, World Development Indicators (WDI)",788,Tunisia,Middle East and North Africa,Lower Middle Income Country (World Bank Classification),2003,4.702412
5968,GDP growth (annual percentage),"World Bank, World Development Indicators (WDI)",788,Tunisia,Middle East and North Africa,Lower Middle Income Country (World Bank Classification),2004,6.235794
5968,GDP growth (annual percentage),"World Bank, World Development Indicators (WDI)",788,Tunisia,Middle East and North Africa,Lower Middle Income Country (World Bank Classification),2005,3.486536
5968,GDP growth (annual percentage),"World Bank, World Development Indicators (WDI)",788,Tunisia,Middle East and North Africa,Lower Middle Income Country (World Bank Classification),2006,5.244195
5968,GDP growth (annual percentage),"World Bank, World Development Indicators (WDI)",788,Tunisia,Middle East and North Africa,Lower Middle Income Country (World Bank Classification),2007,6.70962
5968,GDP growth (annual percentage),"World Bank, World Development Indicators (WDI)",788,Tunisia,Middle East and North Africa,Lower Middle Income Country (World Bank Classification),2008,4.237777
5968,GDP growth (annual percentage),"World Bank, World Development Indicators (WDI)",788,Tunisia,Middle East and North Africa,Lower Middle Income Country (World Bank Classification),2009,3.043449
5968,GDP growth (annual percentage),"World Bank, World Development Indicators (WDI)",788,Tunisia,Middle East and North Africa,Lower Middle Income Country (World Bank Classification),2010,3.510609
5968,GDP growth (annual percentage),"World Bank, World Development Indicators (WDI)",788,Tunisia,Middle East and North Africa,Lower Middle Income Country (World Bank Classification),2011,-1.917178
5968,GDP growth (annual percentage),"World Bank, World Development Indicators (WDI)",788,Tunisia,Middle East and North Africa,Lower Middle Income Country (World Bank Classification),2012,3.997674
5968,GDP growth (annual percentage),"World Bank, World Development Indicators (WDI)",788,Tunisia,Middle East and North Africa,Lower Middle Income Country (World Bank Classification),2013,2.875524
5968,GDP growth (annual percentage),"World Bank, World Development Indicators (WDI)",788,Tunisia,Middle East and North Africa,Lower Middle Income Country (World Bank Classification),2014,2.971398
5968,GDP growth (annual percentage),"World Bank, World Development Indicators (WDI)",788,Tunisia,Middle East and North Africa,Lower Middle Income Country (World Bank Classification),2015,1.153616
5968,GDP growth (annual percentage),"World Bank, World Development Indicators (WDI)",788,Tunisia,Middle East and North Africa,Lower Middle Income Country (World Bank Classification),2016,1.108393
5968,GDP growth (annual percentage),"World Bank, World Development Indicators (WDI)",788,Tunisia,Middle East and North Africa,Lower Middle Income Country (World Bank Classification),2017,1.955126
5968,GDP growth (annual percentage),"World Bank, World Development Indicators (WDI)",792,Turkey,Europe and Eurasia,Upper Middle Income Country (World Bank Classification),1990,9.266147
5968,GDP growth (annual percentage),"World Bank, World Development Indicators (WDI)",792,Turkey,Europe and Eurasia,Upper Middle Income Country (World Bank Classification),1991,0.720279
5968,GDP growth (annual percentage),"World Bank, World Development Indicators (WDI)",792,Turkey,Europe and Eurasia,Upper Middle Income Country (World Bank Classification),1992,5.035635
5968,GDP growth (annual percentage),"World Bank, World Development Indicators (WDI)",792,Turkey,Europe and Eurasia,Upper Middle Income Country (World Bank Classification),1993,7.651265
5968,GDP growth (annual percentage),"World Bank, World Development Indicators (WDI)",792,Turkey,Europe and Eurasia,Upper Middle Income Country (World Bank Classification),1994,-4.668147
5968,GDP growth (annual percentage),"World Bank, World Development Indicators (WDI)",792,Turkey,Europe and Eurasia,Upper Middle Income Country (World Bank Classification),1995,7.878267
5968,GDP growth (annual percentage),"World Bank, World Development Indicators (WDI)",792,Turkey,Europe and Eurasia,Upper Middle Income Country (World Bank Classification),1996,7.379664
5968,GDP growth (annual percentage),"World Bank, World Development Indicators (WDI)",792,Turkey,Europe and Eurasia,Upper Middle Income Country (World Bank Classification),1997,7.577664
5968,GDP growth (annual percentage),"World Bank, World Development Indicators (WDI)",792,Turkey,Europe and Eurasia,Upper Middle Income Country (World Bank Classification),1998,2.308146
5968,GDP growth (annual percentage),"World Bank, World Development Indicators (WDI)",792,Turkey,Europe and Eurasia,Upper Middle Income Country (World Bank Classification),1999,-3.389284
5968,GDP growth (annual percentage),"World Bank, World Development Indicators (WDI)",792,Turkey,Europe and Eurasia,Upper Middle Income Country (World Bank Classification),2000,6.640147
5968,GDP growth (annual percentage),"World Bank, World Development Indicators (WDI)",792,Turkey,Europe and Eurasia,Upper Middle Income Country (World Bank Classification),2001,-5.962325
5968,GDP growth (annual percentage),"World Bank, World Development Indicators (WDI)",792,Turkey,Europe and Eurasia,Upper Middle Income Country (World Bank Classification),2002,6.430189
5968,GDP growth (annual percentage),"World Bank, World Development Indicators (WDI)",792,Turkey,Europe and Eurasia,Upper Middle Income Country (World Bank Classification),2003,5.608342
5968,GDP growth (annual percentage),"World Bank, World Development Indicators (WDI)",792,Turkey,Europe and Eurasia,Upper Middle Income Country (World Bank Classification),2004,9.644246
5968,GDP growth (annual percentage),"World Bank, World Development Indicators (WDI)",792,Turkey,Europe and Eurasia,Upper Middle Income Country (World Bank Classification),2005,9.009901
5968,GDP growth (annual percentage),"World Bank, World Development Indicators (WDI)",792,Turkey,Europe and Eurasia,Upper Middle Income Country (World Bank Classification),2006,7.109756
5968,GDP growth (annual percentage),"World Bank, World Development Indicators (WDI)",792,Turkey,Europe and Eurasia,Upper Middle Income Country (World Bank Classification),2007,5.030441
5968,GDP growth (annual percentage),"World Bank, World Development Indicators (WDI)",792,Turkey,Europe and Eurasia,Upper Middle Income Country (World Bank Classification),2008,0.845219
5968,GDP growth (annual percentage),"World Bank, World Development Indicators (WDI)",792,Turkey,Europe and Eurasia,Upper Middle Income Country (World Bank Classification),2009,-4.704445
5968,GDP growth (annual percentage),"World Bank, World Development Indicators (WDI)",792,Turkey,Europe and Eurasia,Upper Middle Income Country (World Bank Classification),2010,8.487358
5968,GDP growth (annual percentage),"World Bank, World Development Indicators (WDI)",792,Turkey,Europe and Eurasia,Upper Middle Income Country (World Bank Classification),2011,11.113499
5968,GDP growth (annual percentage),"World Bank, World Development Indicators (WDI)",792,Turkey,Europe and Eurasia,Upper Middle Income Country (World Bank Classification),2012,4.78992
5968,GDP growth (annual percentage),"World Bank, World Development Indicators (WDI)",792,Turkey,Europe and Eurasia,Upper Middle Income Country (World Bank Classification),2013,8.491316
5968,GDP growth (annual percentage),"World Bank, World Development Indicators (WDI)",792,Turkey,Europe and Eurasia,Upper Middle Income Country (World Bank Classification),2014,5.166672
5968,GDP growth (annual percentage),"World Bank, World Development Indicators (WDI)",792,Turkey,Europe and Eurasia,Upper Middle Income Country (World Bank Classification),2015,6.085899
5968,GDP growth (annual percentage),"World Bank, World Development Indicators (WDI)",792,Turkey,Europe and Eurasia,Upper Middle Income Country (World Bank Classification),2016,3.183819
5968,GDP growth (annual percentage),"World Bank, World Development Indicators (WDI)",792,Turkey,Europe and Eurasia,Upper Middle Income Country (World Bank Classification),2017,7.441233
5968,GDP growth (annual percentage),"World Bank, World Development Indicators (WDI)",818,Egypt,Middle East and North Africa,Lower Middle Income Country (World Bank Classification),1990,5.667029
5968,GDP growth (annual percentage),"World Bank, World Development Indicators (WDI)",818,Egypt,Middle East and North Africa,Lower Middle Income Country (World Bank Classification),1991,1.125405
5968,GDP growth (annual percentage),"World Bank, World Development Indicators (WDI)",818,Egypt,Middle East and North Africa,Lower Middle Income Country (World Bank Classification),1992,4.472859
5968,GDP growth (annual percentage),"World Bank, World Development Indicators (WDI)",818,Egypt,Middle East and North Africa,Lower Middle Income Country (World Bank Classification),1993,2.900791
5968,GDP growth (annual percentage),"World Bank, World Development Indicators (WDI)",818,Egypt,Middle East and North Africa,Lower Middle Income Country (World Bank Classification),1994,3.973172
5968,GDP growth (annual percentage),"World Bank, World Development Indicators (WDI)",818,Egypt,Middle East and North Africa,Lower Middle Income Country (World Bank Classification),1995,4.642459
5968,GDP growth (annual percentage),"World Bank, World Development Indicators (WDI)",818,Egypt,Middle East and North Africa,Lower Middle Income Country (World Bank Classification),1996,4.988731
5968,GDP growth (annual percentage),"World Bank, World Development Indicators (WDI)",818,Egypt,Middle East and North Africa,Lower Middle Income Country (World Bank Classification),1997,5.492355
5968,GDP growth (annual percentage),"World Bank, World Development Indicators (WDI)",818,Egypt,Middle East and North Africa,Lower Middle Income Country (World Bank Classification),1998,5.575497
5968,GDP growth (annual percentage),"World Bank, World Development Indicators (WDI)",818,Egypt,Middle East and North Africa,Lower Middle Income Country (World Bank Classification),1999,6.053439
5968,GDP growth (annual percentage),"World Bank, World Development Indicators (WDI)",818,Egypt,Middle East and North Africa,Lower Middle Income Country (World Bank Classification),2000,6.370004
5968,GDP growth (annual percentage),"World Bank, World Development Indicators (WDI)",818,Egypt,Middle East and North Africa,Lower Middle Income Country (World Bank Classification),2001,3.535252
5968,GDP growth (annual percentage),"World Bank, World Development Indicators (WDI)",818,Egypt,Middle East and North Africa,Lower Middle Income Country (World Bank Classification),2002,2.390204
5968,GDP growth (annual percentage),"World Bank, World Development Indicators (WDI)",818,Egypt,Middle East and North Africa,Lower Middle Income Country (World Bank Classification),2003,3.193455
5968,GDP growth (annual percentage),"World Bank, World Development Indicators (WDI)",818,Egypt,Middle East and North Africa,Lower Middle Income Country (World Bank Classification),2004,4.092072
5968,GDP growth (annual percentage),"World Bank, World Development Indicators (WDI)",818,Egypt,Middle East and North Africa,Lower Middle Income Country (World Bank Classification),2005,4.471744
5968,GDP growth (annual percentage),"World Bank, World Development Indicators (WDI)",818,Egypt,Middle East and North Africa,Lower Middle Income Country (World Bank Classification),2006,6.843838
5968,GDP growth (annual percentage),"World Bank, World Development Indicators (WDI)",818,Egypt,Middle East and North Africa,Lower Middle Income Country (World Bank Classification),2007,7.087827
5968,GDP growth (annual percentage),"World Bank, World Development Indicators (WDI)",818,Egypt,Middle East and North Africa,Lower Middle Income Country (World Bank Classification),2008,7.156284
5968,GDP growth (annual percentage),"World Bank, World Development Indicators (WDI)",818,Egypt,Middle East and North Africa,Lower Middle Income Country (World Bank Classification),2009,4.6736
5968,GDP growth (annual percentage),"World Bank, World Development Indicators (WDI)",818,Egypt,Middle East and North Africa,Lower Middle Income Country (World Bank Classification),2010,5.147235
5968,GDP growth (annual percentage),"World Bank, World Development Indicators (WDI)",818,Egypt,Middle East and North Africa,Lower Middle Income Country (World Bank Classification),2011,1.764572
5968,GDP growth (annual percentage),"World Bank, World Development Indicators (WDI)",818,Egypt,Middle East and North Africa,Lower Middle Income Country (World Bank Classification),2012,2.2262
5968,GDP growth (annual percentage),"World Bank, World Development Indicators (WDI)",818,Egypt,Middle East and North Africa,Lower Middle Income Country (World Bank Classification),2013,2.185466
5968,GDP growth (annual percentage),"World Bank, World Development Indicators (WDI)",818,Egypt,Middle East and North Africa,Lower Middle Income Country (World Bank Classification),2014,2.915912
5968,GDP growth (annual percentage),"World Bank, World Development Indicators (WDI)",818,Egypt,Middle East and North Africa,Lower Middle Income Country (World Bank Classification),2015,4.372019
5968,GDP growth (annual percentage),"World Bank, World Development Indicators (WDI)",818,Egypt,Middle East and North Africa,Lower Middle Income Country (World Bank Classification),2016,4.346643
5968,GDP growth (annual percentage),"World Bank, World Development Indicators (WDI)",818,Egypt,Middle East and North Africa,Lower Middle Income Country (World Bank Classification),2017,4.181221
6188,Real interest rate (percentage),"World Bank, World Development Indicators (WDI)",400,Jordan,Middle East and North Africa,Upper Middle Income Country (World Bank Classification),1990,-2.156235
6188,Real interest rate (percentage),"World Bank, World Development Indicators (WDI)",400,Jordan,Middle East and North Africa,Upper Middle Income Country (World Bank Classification),1991,4.898226
6188,Real interest rate (percentage),"World Bank, World Development Indicators (WDI)",400,Jordan,Middle East and North Africa,Upper Middle Income Country (World Bank Classification),1992,7.092676
6188,Real interest rate (percentage),"World Bank, World Development Indicators (WDI)",400,Jordan,Middle East and North Africa,Upper Middle Income Country (World Bank Classification),1993,7.209389
6188,Real interest rate (percentage),"World Bank, World Development Indicators (WDI)",400,Jordan,Middle East and North Africa,Upper Middle Income Country (World Bank Classification),1994,3.341002
6188,Real interest rate (percentage),"World Bank, World Development Indicators (WDI)",400,Jordan,Middle East and North Africa,Upper Middle Income Country (World Bank Classification),1995,8.628245
6188,Real interest rate (percentage),"World Bank, World Development Indicators (WDI)",400,Jordan,Middle East and North Africa,Upper Middle Income Country (World Bank Classification),1996,9.000854
6188,Real interest rate (percentage),"World Bank, World Development Indicators (WDI)",400,Jordan,Middle East and North Africa,Upper Middle Income Country (World Bank Classification),1997,10.876784
6188,Real interest rate (percentage),"World Bank, World Development Indicators (WDI)",400,Jordan,Middle East and North Africa,Upper Middle Income Country (World Bank Classification),1998,6.216208
6188,Real interest rate (percentage),"World Bank, World Development Indicators (WDI)",400,Jordan,Middle East and North Africa,Upper Middle Income Country (World Bank Classification),1999,12.780563
6188,Real interest rate (percentage),"World Bank, World Development Indicators (WDI)",400,Jordan,Middle East and North Africa,Upper Middle Income Country (World Bank Classification),2000,12.256798
6188,Real interest rate (percentage),"World Bank, World Development Indicators (WDI)",400,Jordan,Middle East and North Africa,Upper Middle Income Country (World Bank Classification),2001,10.076618
6188,Real interest rate (percentage),"World Bank, World Development Indicators (WDI)",400,Jordan,Middle East and North Africa,Upper Middle Income Country (World Bank Classification),2002,9.17233
6188,Real interest rate (percentage),"World Bank, World Development Indicators (WDI)",400,Jordan,Middle East and North Africa,Upper Middle Income Country (World Bank Classification),2003,6.99749
6188,Real interest rate (percentage),"World Bank, World Development Indicators (WDI)",400,Jordan,Middle East and North Africa,Upper Middle Income Country (World Bank Classification),2004,5.00996
6188,Real interest rate (percentage),"World Bank, World Development Indicators (WDI)",400,Jordan,Middle East and North Africa,Upper Middle Income Country (World Bank Classification),2005,5.489895
6188,Real interest rate (percentage),"World Bank, World Development Indicators (WDI)",400,Jordan,Middle East and North Africa,Upper Middle Income Country (World Bank Classification),2006,-2.235215
6188,Real interest rate (percentage),"World Bank, World Development Indicators (WDI)",400,Jordan,Middle East and North Africa,Upper Middle Income Country (World Bank Classification),2007,3.451693
6188,Real interest rate (percentage),"World Bank, World Development Indicators (WDI)",400,Jordan,Middle East and North Africa,Upper Middle Income Country (World Bank Classification),2008,-9.044536
6188,Real interest rate (percentage),"World Bank, World Development Indicators (WDI)",400,Jordan,Middle East and North Africa,Upper Middle Income Country (World Bank Classification),2009,6.244001
6188,Real interest rate (percentage),"World Bank, World Development Indicators (WDI)",400,Jordan,Middle East and North Africa,Upper Middle Income Country (World Bank Classification),2010,0.547549
6188,Real interest rate (percentage),"World Bank, World Development Indicators (WDI)",400,Jordan,Middle East and North Africa,Upper Middle Income Country (World Bank Classification),2011,2.187139
6188,Real interest rate (percentage),"World Bank, World Development Indicators (WDI)",400,Jordan,Middle East and North Africa,Upper Middle Income Country (World Bank Classification),2012,4.09585
6188,Real interest rate (percentage),"World Bank, World Development Indicators (WDI)",400,Jordan,Middle East and North Africa,Upper Middle Income Country (World Bank Classification),2013,3.229391
6188,Real interest rate (percentage),"World Bank, World Development Indicators (WDI)",400,Jordan,Middle East and North Africa,Upper Middle Income Country (World Bank Classification),2014,5.361031
6188,Real interest rate (percentage),"World Bank, World Development Indicators (WDI)",400,Jordan,Middle East and North Africa,Upper Middle Income Country (World Bank Classification),2015,6.066383
6188,Real interest rate (percentage),"World Bank, World Development Indicators (WDI)",400,Jordan,Middle East and North Africa,Upper Middle Income Country (World Bank Classification),2016,7.036588
6188,Real interest rate (percentage),"World Bank, World Development Indicators (WDI)",422,Lebanon,Middle East and North Africa,Upper Middle Income Country (World Bank Classification),1990,21.160399
6188,Real interest rate (percentage),"World Bank, World Development Indicators (WDI)",422,Lebanon,Middle East and North Africa,Upper Middle Income Country (World Bank Classification),1991,-6.531972
6188,Real interest rate (percentage),"World Bank, World Development Indicators (WDI)",422,Lebanon,Middle East and North Africa,Upper Middle Income Country (World Bank Classification),1992,-28.985909
6188,Real interest rate (percentage),"World Bank, World Development Indicators (WDI)",422,Lebanon,Middle East and North Africa,Upper Middle Income Country (World Bank Classification),1993,3.034491
6188,Real interest rate (percentage),"World Bank, World Development Indicators (WDI)",422,Lebanon,Middle East and North Africa,Upper Middle Income Country (World Bank Classification),1994,14.841845
6188,Real interest rate (percentage),"World Bank, World Development Indicators (WDI)",422,Lebanon,Middle East and North Africa,Upper Middle Income Country (World Bank Classification),1995,12.659879
6188,Real interest rate (percentage),"World Bank, World Development Indicators (WDI)",422,Lebanon,Middle East and North Africa,Upper Middle Income Country (World Bank Classification),1996,23.069255
6188,Real interest rate (percentage),"World Bank, World Development Indicators (WDI)",422,Lebanon,Middle East and North Africa,Upper Middle Income Country (World Bank Classification),1997,7.838177
6188,Real interest rate (percentage),"World Bank, World Development Indicators (WDI)",422,Lebanon,Middle East and North Africa,Upper Middle Income Country (World Bank Classification),1999,18.514984
6188,Real interest rate (percentage),"World Bank, World Development Indicators (WDI)",422,Lebanon,Middle East and North Africa,Upper Middle Income Country (World Bank Classification),2000,20.670411
6188,Real interest rate (percentage),"World Bank, World Development Indicators (WDI)",422,Lebanon,Middle East and North Africa,Upper Middle Income Country (World Bank Classification),2001,18.568347
6188,Real interest rate (percentage),"World Bank, World Development Indicators (WDI)",422,Lebanon,Middle East and North Africa,Upper Middle Income Country (World Bank Classification),2002,10.654485
6188,Real interest rate (percentage),"World Bank, World Development Indicators (WDI)",422,Lebanon,Middle East and North Africa,Upper Middle Income Country (World Bank Classification),2003,9.58715
6188,Real interest rate (percentage),"World Bank, World Development Indicators (WDI)",422,Lebanon,Middle East and North Africa,Upper Middle Income Country (World Bank Classification),2004,11.532128
6188,Real interest rate (percentage),"World Bank, World Development Indicators (WDI)",422,Lebanon,Middle East and North Africa,Upper Middle Income Country (World Bank Classification),2005,11.333006
6188,Real interest rate (percentage),"World Bank, World Development Indicators (WDI)",422,Lebanon,Middle East and North Africa,Upper Middle Income Country (World Bank Classification),2006,9.403567
6188,Real interest rate (percentage),"World Bank, World Development Indicators (WDI)",422,Lebanon,Middle East and North Africa,Upper Middle Income Country (World Bank Classification),2007,6.712617
6188,Real interest rate (percentage),"World Bank, World Development Indicators (WDI)",422,Lebanon,Middle East and North Africa,Upper Middle Income Country (World Bank Classification),2008,2.224823
6188,Real interest rate (percentage),"World Bank, World Development Indicators (WDI)",422,Lebanon,Middle East and North Africa,Upper Middle Income Country (World Bank Classification),2009,-1.136652
6188,Real interest rate (percentage),"World Bank, World Development Indicators (WDI)",422,Lebanon,Middle East and North Africa,Upper Middle Income Country (World Bank Classification),2010,7.654607
6188,Real interest rate (percentage),"World Bank, World Development Indicators (WDI)",422,Lebanon,Middle East and North Africa,Upper Middle Income Country (World Bank Classification),2011,3.887438
6188,Real interest rate (percentage),"World Bank, World Development Indicators (WDI)",422,Lebanon,Middle East and North Africa,Upper Middle Income Country (World Bank Classification),2012,0.142976
6188,Real interest rate (percentage),"World Bank, World Development Indicators (WDI)",422,Lebanon,Middle East and North Africa,Upper Middle Income Country (World Bank Classification),2013,4.391089
6188,Real interest rate (percentage),"World Bank, World Development Indicators (WDI)",422,Lebanon,Middle East and North Africa,Upper Middle Income Country (World Bank Classification),2014,4.968782
6188,Real interest rate (percentage),"World Bank, World Development Indicators (WDI)",422,Lebanon,Middle East and North Africa,Upper Middle Income Country (World Bank Classification),2015,4.721046
6188,Real interest rate (percentage),"World Bank, World Development Indicators (WDI)",422,Lebanon,Middle East and North Africa,Upper Middle Income Country (World Bank Classification),2016,6.748298
6188,Real interest rate (percentage),"World Bank, World Development Indicators (WDI)",422,Lebanon,Middle East and North Africa,Upper Middle Income Country (World Bank Classification),2017,5.455512
6188,Real interest rate (percentage),"World Bank, World Development Indicators (WDI)",504,Morocco,Middle East and North Africa,Lower Middle Income Country (World Bank Classification),1990,1.212357
6188,Real interest rate (percentage),"World Bank, World Development Indicators (WDI)",504,Morocco,Middle East and North Africa,Lower Middle Income Country (World Bank Classification),1991,3.419174
6188,Real interest rate (percentage),"World Bank, World Development Indicators (WDI)",504,Morocco,Middle East and North Africa,Lower Middle Income Country (World Bank Classification),1994,9.283819
6188,Real interest rate (percentage),"World Bank, World Development Indicators (WDI)",504,Morocco,Middle East and North Africa,Lower Middle Income Country (World Bank Classification),1995,2.28904
6188,Real interest rate (percentage),"World Bank, World Development Indicators (WDI)",504,Morocco,Middle East and North Africa,Lower Middle Income Country (World Bank Classification),1997,12.944265
6188,Real interest rate (percentage),"World Bank, World Development Indicators (WDI)",504,Morocco,Middle East and North Africa,Lower Middle Income Country (World Bank Classification),1998,13.057582
6188,Real interest rate (percentage),"World Bank, World Development Indicators (WDI)",504,Morocco,Middle East and North Africa,Lower Middle Income Country (World Bank Classification),1999,12.857226
6188,Real interest rate (percentage),"World Bank, World Development Indicators (WDI)",504,Morocco,Middle East and North Africa,Lower Middle Income Country (World Bank Classification),2000,14.159895
6188,Real interest rate (percentage),"World Bank, World Development Indicators (WDI)",504,Morocco,Middle East and North Africa,Lower Middle Income Country (World Bank Classification),2001,12.516038
6188,Real interest rate (percentage),"World Bank, World Development Indicators (WDI)",504,Morocco,Middle East and North Africa,Lower Middle Income Country (World Bank Classification),2002,11.77416
6188,Real interest rate (percentage),"World Bank, World Development Indicators (WDI)",504,Morocco,Middle East and North Africa,Lower Middle Income Country (World Bank Classification),2003,11.378981
6188,Real interest rate (percentage),"World Bank, World Development Indicators (WDI)",504,Morocco,Middle East and North Africa,Lower Middle Income Country (World Bank Classification),2004,10.156943
6188,Real interest rate (percentage),"World Bank, World Development Indicators (WDI)",504,Morocco,Middle East and North Africa,Lower Middle Income Country (World Bank Classification),2005,10.188165
6188,Real interest rate (percentage),"World Bank, World Development Indicators (WDI)",818,Egypt,Middle East and North Africa,Lower Middle Income Country (World Bank Classification),1990,1.067535
6188,Real interest rate (percentage),"World Bank, World Development Indicators (WDI)",818,Egypt,Middle East and North Africa,Lower Middle Income Country (World Bank Classification),1991,3.204639
6188,Real interest rate (percentage),"World Bank, World Development Indicators (WDI)",818,Egypt,Middle East and North Africa,Lower Middle Income Country (World Bank Classification),1992,1.670925
6188,Real interest rate (percentage),"World Bank, World Development Indicators (WDI)",818,Egypt,Middle East and North Africa,Lower Middle Income Country (World Bank Classification),1993,9.101241
6188,Real interest rate (percentage),"World Bank, World Development Indicators (WDI)",818,Egypt,Middle East and North Africa,Lower Middle Income Country (World Bank Classification),1994,7.435419
6188,Real interest rate (percentage),"World Bank, World Development Indicators (WDI)",818,Egypt,Middle East and North Africa,Lower Middle Income Country (World Bank Classification),1995,4.552158
6188,Real interest rate (percentage),"World Bank, World Development Indicators (WDI)",818,Egypt,Middle East and North Africa,Lower Middle Income Country (World Bank Classification),1996,7.91322
6188,Real interest rate (percentage),"World Bank, World Development Indicators (WDI)",818,Egypt,Middle East and North Africa,Lower Middle Income Country (World Bank Classification),1997,3.563453
6188,Real interest rate (percentage),"World Bank, World Development Indicators (WDI)",818,Egypt,Middle East and North Africa,Lower Middle Income Country (World Bank Classification),1998,10.391899
6188,Real interest rate (percentage),"World Bank, World Development Indicators (WDI)",818,Egypt,Middle East and North Africa,Lower Middle Income Country (World Bank Classification),1999,11.935822
6188,Real interest rate (percentage),"World Bank, World Development Indicators (WDI)",818,Egypt,Middle East and North Africa,Lower Middle Income Country (World Bank Classification),2000,8.919601
6188,Real interest rate (percentage),"World Bank, World Development Indicators (WDI)",818,Egypt,Middle East and North Africa,Lower Middle Income Country (World Bank Classification),2001,11.214513
6188,Real interest rate (percentage),"World Bank, World Development Indicators (WDI)",818,Egypt,Middle East and North Africa,Lower Middle Income Country (World Bank Classification),2002,10.300032
6188,Real interest rate (percentage),"World Bank, World Development Indicators (WDI)",818,Egypt,Middle East and North Africa,Lower Middle Income Country (World Bank Classification),2003,6.327026
6188,Real interest rate (percentage),"World Bank, World Development Indicators (WDI)",818,Egypt,Middle East and North Africa,Lower Middle Income Country (World Bank Classification),2004,1.526903
6188,Real interest rate (percentage),"World Bank, World Development Indicators (WDI)",818,Egypt,Middle East and North Africa,Lower Middle Income Country (World Bank Classification),2005,6.523641
6188,Real interest rate (percentage),"World Bank, World Development Indicators (WDI)",818,Egypt,Middle East and North Africa,Lower Middle Income Country (World Bank Classification),2006,4.880797
6188,Real interest rate (percentage),"World Bank, World Development Indicators (WDI)",818,Egypt,Middle East and North Africa,Lower Middle Income Country (World Bank Classification),2007,-0.077629
6188,Real interest rate (percentage),"World Bank, World Development Indicators (WDI)",818,Egypt,Middle East and North Africa,Lower Middle Income Country (World Bank Classification),2008,0.107853
6188,Real interest rate (percentage),"World Bank, World Development Indicators (WDI)",818,Egypt,Middle East and North Africa,Lower Middle Income Country (World Bank Classification),2009,0.710036
6188,Real interest rate (percentage),"World Bank, World Development Indicators (WDI)",818,Egypt,Middle East and North Africa,Lower Middle Income Country (World Bank Classification),2010,0.818722
6188,Real interest rate (percentage),"World Bank, World Development Indicators (WDI)",818,Egypt,Middle East and North Africa,Lower Middle Income Country (World Bank Classification),2011,-0.563878
6188,Real interest rate (percentage),"World Bank, World Development Indicators (WDI)",818,Egypt,Middle East and North Africa,Lower Middle Income Country (World Bank Classification),2012,-6.26272
6188,Real interest rate (percentage),"World Bank, World Development Indicators (WDI)",818,Egypt,Middle East and North Africa,Lower Middle Income Country (World Bank Classification),2013,3.292157
6188,Real interest rate (percentage),"World Bank, World Development Indicators (WDI)",818,Egypt,Middle East and North Africa,Lower Middle Income Country (World Bank Classification),2014,0.414129
6188,Real interest rate (percentage),"World Bank, World Development Indicators (WDI)",818,Egypt,Middle East and North Africa,Lower Middle Income Country (World Bank Classification),2015,1.541068
6188,Real interest rate (percentage),"World Bank, World Development Indicators (WDI)",818,Egypt,Middle East and North Africa,Lower Middle Income Country (World Bank Classification),2016,6.922011
6188,Real interest rate (percentage),"World Bank, World Development Indicators (WDI)",818,Egypt,Middle East and North Africa,Lower Middle Income Country (World Bank Classification),2017,-3.870052
